<?xml version="1.0" encoding="UTF-8"?>
<project-private xmlns="http://www.netbeans.org/ns/project-private/1">
    <editor-bookmarks xmlns="http://www.netbeans.org/ns/editor-bookmarks/2" lastBookmarkId="0"/>
    <open-files xmlns="http://www.netbeans.org/ns/projectui-open-files/2">
        <group>
            <file>file:/C:/Users/ASUS/Documents/NetBeansProjects/Bloque1_Grupo15_DanielSanchezMatamorosCarmona_MarcosVelazquezCarmona/src/mapa.csv</file>
            <file>file:/C:/Users/ASUS/Documents/NetBeansProjects/Bloque1_Grupo15_DanielSanchezMatamorosCarmona_MarcosVelazquezCarmona/src/CaminoDeMenorCoste.java</file>
            <file>file:/C:/Users/ASUS/Documents/NetBeansProjects/Bloque1_Grupo15_DanielSanchezMatamorosCarmona_MarcosVelazquezCarmona/src/Energia.java</file>
            <file>file:/C:/Users/ASUS/Documents/NetBeansProjects/Bloque1_Grupo15_DanielSanchezMatamorosCarmona_MarcosVelazquezCarmona/src/LeerMatrizCSV.java</file>
            <file>file:/C:/Users/ASUS/Documents/NetBeansProjects/Bloque1_Grupo15_DanielSanchezMatamorosCarmona_MarcosVelazquezCarmona/src/MedicionTiempos.java</file>
            <file>file:/C:/Users/ASUS/Documents/NetBeansProjects/Bloque1_Grupo15_DanielSanchezMatamorosCarmona_MarcosVelazquezCarmona/src/MostrarMapa.java</file>
            <file>file:/C:/Users/ASUS/Documents/NetBeansProjects/Bloque1_Grupo15_DanielSanchezMatamorosCarmona_MarcosVelazquezCarmona/src/NumeroDeCaminosPosibles_iter.java</file>
            <file>file:/C:/Users/ASUS/Documents/NetBeansProjects/Bloque1_Grupo15_DanielSanchezMatamorosCarmona_MarcosVelazquezCarmona/src/NumeroDeCaminosPosibles_recursiva.java</file>
            <file>file:/C:/Users/ASUS/Documents/NetBeansProjects/Bloque1_Grupo15_DanielSanchezMatamorosCarmona_MarcosVelazquezCarmona/src/Main.java</file>
        </group>
    </open-files>
</project-private>
